review_id,budget_k,source_index,source,candidate,meaning_preserved_0_or_1,facts_preserved_0_or_1,readable_0_or_1,reviewer_notes
1,8,3,Middletown Township Public Library appointed Kim Rinaldi as something. The library appointed Kim Rinaldi as a director. Appoint the library as the appointee of the appointment of Kim Rinaldi by the Township of Middletown. Appoint the library as the appointee of the appointment of Kim Rinaldi by the Township of Middletown. The library appointed Kim Rinaldi as something.,"Kim Rinaldi is now the director of Middletown Township Public Library. The appointment was made by the library, though the Township of Middletown is also involved in the appointment process. The library is the appointing body for this role.",,,,
2,1,6,Was it a surprise to be given something? The assignment of the arts and culture position was a surprise to me. The assignment of the arts and culture position surprised me with something. The arts and culture position assignment surprised me. The arts and culture position assignment surprised me with an idea.,"The surprise, for me, was the arts and culture position itself, not merely the act of receiving it. It struck me as an unexpected assignment, carrying with it an unforeseen idea.",,,,
3,1,21,Order two military helicopters for the UAE. Order two military helicopters. Order two military helicopters. The UAE ordered two military helicopters recently. The UAE ordered two military helicopters from an entity.,"A recent transaction has resulted in the acquisition of two military helicopters by the UAE, with the seller being an unspecified entity.",,,,
4,2,3,Middletown Township Public Library appointed Kim Rinaldi as something. The library appointed Kim Rinaldi as a director. Appoint the library as the appointee of the appointment of Kim Rinaldi by the Township of Middletown. Appoint the library as the appointee of the appointment of Kim Rinaldi by the Township of Middletown. The library appointed Kim Rinaldi as something.,"Kim Rinaldi is now the director of Middletown Township Public Library. The appointment was made by the library, though the Township of Middletown is also involved in the appointment process. The library is the appointing body for this role.",,,,
5,2,17,The home was sold to New York in 2023. New York was sold in 2023. New York was sold to the home. New York was sold in 2023. New York sold the home in 2023.,"New York became the owner of the home when the transaction was completed in 2023, and that same year witnessed the transfer of the property to the state.",,,,
6,8,26,The nice lots define something now. Define the topic of the nice lots to Builder. Builder defines the topic of the nice lots. Define the nice lots. Builder defines the nice lots.,"Something is now defined by the nice lots, and that something is their topic. Builder is tasked with defining that topic. Additionally, the nice lots themselves are to be defined, which Builder also handles.",,,,
7,2,11,QVC is aggressive to an extent. QVC plans something for Black Friday aggressively. Tell QVC something about Black Friday. QVC's aggressive something. QVC plans something for Black Friday.,"QVC is quite aggressive, and its Black Friday plans are especially so; tell QVC what you think about Black Friday, because QVC has aggressive plans for that day.",,,,
8,4,2,Marketers define something. Marketers define Apple. Marketers define the Apple brand as something. Define the Apple brand as a marketer. A marketer defines Apple as a brand.,"When it comes to defining a brand, marketers have a specific framework in mind. That framework, when applied to Apple, yields a particular definition. In other words, the Apple brand is defined by marketers according to their professional criteria.",,,,
9,2,4,The report states something. Make your report detailed. The report states the World Health Organization. The report states something. The report states the World Health Organization.,"The report's content includes a statement, and it also mentions the World Health Organization; your task is to produce a detailed report that reflects this.",,,,
10,8,6,Was it a surprise to be given something? The assignment of the arts and culture position was a surprise to me. The assignment of the arts and culture position surprised me with something. The arts and culture position assignment surprised me. The arts and culture position assignment surprised me with an idea.,"That I was handed the arts and culture role came as a genuine shock. The notion that accompanied this appointment was equally unanticipated, leaving me momentarily at a loss for words.",,,,
11,8,0,IBM Corporation launched a server. IBM Corporation. The cluster topic is about IBM Corporation. IBM Corporation is related to something. IBM Corporation.,"The launch of a server was undertaken by IBM Corporation, and the topic at hand concerns this very corporation.",,,,
12,16,24,Something defines Mario. Mario defined something. Mario defined something at a location. Something defines Mario. Mario defined something new.,"Mario was the one who defined something, and that something was defined by him at a particular place; additionally, the object of his definition was new.",,,,
13,4,23,Asus's plan for the laptop's display drivers is something. Asus plans something at a location. Asus updates the laptop's display drivers at a location. Asus plans to update the display drivers. Asus's plan for the laptop's display drivers is something.,"At some location, Asus has a plan regarding the laptop's display drivers—it will update them there, and that plan is what the drivers' situation is about.",,,,
14,16,15,The conference held something. Show an attendee a session about SocialDevCamp Chicago at the conference. The conference held an event named SocialDevCamp Chicago. SocialDevCamp Chicago held an event in 2024. SocialDevCamp Chicago held an event in 2024.,"At the conference, there was a session for attendees on SocialDevCamp Chicago, and the conference also hosted an event called SocialDevCamp Chicago, which took place in 2024.",,,,
15,16,26,The nice lots define something now. Define the topic of the nice lots to Builder. Builder defines the topic of the nice lots. Define the nice lots. Builder defines the nice lots.,"Something is now defined by the nice lots, and that something is their topic. Builder is tasked with defining that topic. Additionally, the nice lots themselves are to be defined, which Builder also handles.",,,,
16,8,25,Council Bluffs Marshalltown built a nine-run lead. Give the team a win against Council Bluffs. Give the team a win. A win was built against Council Bluffs. Council Bluffs is very great.,"The team's win against Council Bluffs came after building a nine-run advantage. Council Bluffs Marshalltown built that lead. Council Bluffs is very great, and the win was built.",,,,
17,8,13,Occasional diarrhea affects someone. Someone experiences Occasional Diarrhea as a condition. Occasional diarrhea is a condition. Tell the doctor about your occasional diarrhea condition to the specialist. Tell the specialist about your occasional diarrhea condition.,"A person may be affected by occasional diarrhea, which is a recognized condition, and in such cases, the appropriate course of action is to inform both the doctor and the specialist about this recurring issue.",,,,
18,8,1,Make the report transparent. The organization earned something. Prasar Bharti earned something at some time. The organization earned something. Prasar Bharti earned only something.,"The report must be made transparent, and it was at some point that Prasar Bharti achieved an earning, though the organization's gain was limited to that alone.",,,,
19,16,8,Keep the conversation serious. New England is vast in extent. Something left New England to something. Something left New England. Something left New England to a location.,"A serious tone must be maintained throughout this discussion. The sheer size of New England is a key fact. From this region, something made its way to another place. Additionally, something else departed New England. Furthermore, a third entity left New England, heading toward some destination.",,,,
20,16,21,Order two military helicopters for the UAE. Order two military helicopters. Order two military helicopters. The UAE ordered two military helicopters recently. The UAE ordered two military helicopters from an entity.,"A recent transaction has resulted in the acquisition of two military helicopters by the UAE, with the seller being an unspecified entity.",,,,
21,4,22,The topic about Barack Obama is something. Ask a lawmaker about the topic of Barack Obama in Washington. Ask a lawmaker about the advice that Barack Obama gave on Washington. Ask a lawmaker about Barack Obama. Ask about Barack Obama.,"What is the topic of Barack Obama? It is something, apparently. If you are in Washington, you could ask a lawmaker about this topic. You could also ask about the advice Obama gave, and you could ask about Obama himself. Those are three distinct askable things.",,,,
22,1,16,BlackRock Inc. operates globally. Define BlackRock Inc. as something. Define BlackRock Inc. BlackRock Inc. operates something. BlackRock Inc. is something about BlackRock Inc.,"Operating on a global scale, BlackRock Inc. is a company that can be described as an asset management firm; its global operations are a key aspect of its identity, and its activities are centered around managing investments.",,,,
23,1,22,The topic about Barack Obama is something. Ask a lawmaker about the topic of Barack Obama in Washington. Ask a lawmaker about the advice that Barack Obama gave on Washington. Ask a lawmaker about Barack Obama. Ask about Barack Obama.,"Barack Obama as a topic—what does that even mean? In Washington, any lawmaker can be asked about the topic that is Barack Obama. They can also be asked about the advice he gave, and about the man himself. There is a lot to ask about.",,,,
24,2,10,Tell the jury the acquittal. Tell the jury the acquittal. Tell the jury the acquittal. Tell the jury the acquittal of the widow about the nightclub. Tell the jury the acquittal of the widow about the Pulse nightclub.,"The jury must be told that the acquittal happened. It must be told about the widow and the nightclub, specifically the Pulse nightclub. This instruction is repeated, but the core message is the same: inform the jury of the acquittal.",,,,
25,1,5,Shut down your service. Shut down Allo. A company shut down something. Google shut down something in a service. Shut down your service.,"Your service needs to be taken offline, and that includes Allo. The company made the call to discontinue a component of its service, specifically the one tied to Google. You are instructed to shut it down.",,,,
26,4,16,BlackRock Inc. operates globally. Define BlackRock Inc. as something. Define BlackRock Inc. BlackRock Inc. operates something. BlackRock Inc. is something about BlackRock Inc.,"As a global operator, BlackRock Inc. is defined by its asset management role. The company's worldwide reach is fundamental to its operations, and its essence lies in managing financial assets across markets.",,,,
27,16,2,Marketers define something. Marketers define Apple. Marketers define the Apple brand as something. Define the Apple brand as a marketer. A marketer defines Apple as a brand.,"When it comes to defining a brand, marketers have a specific framework in mind. That framework, when applied to Apple, yields a particular definition. In other words, the Apple brand is defined by marketers according to their professional criteria.",,,,
28,2,7,"Someone gave Washington a presentation. Give someone a presentation. A presentation was given to Washington, D.C. Someone gave Washington a presentation. Give a presentation about Washington, D.C. to Washington.","A presentation was delivered to Washington, D.C., by an unnamed individual, and the same individual also provided a presentation to someone else, with the further action of giving a presentation about Washington, D.C., to Washington itself.",,,,
29,4,12,Malala Yousafzai is brilliant in academics. Malala Yousafzai describes something. Brilliant Malala Yousafzai. Malala Yousafzai describes something in 2024. Someone describes Malala Yousafzai to a community.,"Malala Yousafzai's academic excellence is a fact, and her act of describing something took place in 2024. Simultaneously, a community hears a description of Malala from another person.",,,,
30,2,27,Someone gave DERA funding to a company. Give DERA funding to help reauthorize the program at the U.S. Environmental Protection Agency. Someone gave DERA funding to a company. DERA funding was given to a company recently. Someone gave DERA funding to a company.,"Funding for the company was provided by DERA, and the same source should be used to support reauthorization of the U.S. Environmental Protection Agency program. A recent transfer of DERA funds went to that company, and the program's renewal would benefit from a similar allocation.",,,,
31,8,7,"Someone gave Washington a presentation. Give someone a presentation. A presentation was given to Washington, D.C. Someone gave Washington a presentation. Give a presentation about Washington, D.C. to Washington.","Someone performed the act of presenting to Washington, D.C. That person also performed a presentation for someone else. And that person gave a presentation whose topic was Washington, D.C., to Washington.",,,,
32,4,1,Make the report transparent. The organization earned something. Prasar Bharti earned something at some time. The organization earned something. Prasar Bharti earned only something.,"The report must be made transparent, and it was at some point that Prasar Bharti achieved an earning, though the organization's gain was limited to that alone.",,,,
33,4,11,QVC is aggressive to an extent. QVC plans something for Black Friday aggressively. Tell QVC something about Black Friday. QVC's aggressive something. QVC plans something for Black Friday.,"QVC is quite aggressive, and its Black Friday plans are especially so; tell QVC what you think about Black Friday, because QVC has aggressive plans for that day.",,,,
34,1,1,Make the report transparent. The organization earned something. Prasar Bharti earned something at some time. The organization earned something. Prasar Bharti earned only something.,"The report must be made transparent, and it was at some point that Prasar Bharti achieved an earning, though the organization's gain was limited to that alone.",,,,
35,2,14,Someone holds WebMD Health Corp. for something. WebMD Health Corp. is important for something. WebMD Health Corp. was held in 2015. WebMD Health Corp. is important for something. WebMD Health Corp. is important for something.,"There is someone who holds WebMD Health Corp. accountable for something. This company is significant in some way, and that significance was already established by 2015. Its importance is multifaceted, and it remains important for several reasons.",,,,
36,16,22,The topic about Barack Obama is something. Ask a lawmaker about the topic of Barack Obama in Washington. Ask a lawmaker about the advice that Barack Obama gave on Washington. Ask a lawmaker about Barack Obama. Ask about Barack Obama.,"The subject of Barack Obama is evidently something worth discussing. In Washington, one can ask a lawmaker about that subject. One can also ask about the advice Obama gave on Washington, and one can ask about Obama as a person. The possibilities are multiple.",,,,
37,4,9,A person missed something. You missed the ICYMI abbreviation's definition. Define ICYMI. Define the abbreviation ICYMI. Define the ICYMI abbreviation now.,The definition of the abbreviation ICYMI is something you have failed to grasp; a person has missed it.,,,,
38,8,17,The home was sold to New York in 2023. New York was sold in 2023. New York was sold to the home. New York was sold in 2023. New York sold the home in 2023.,"New York became the owner of the home when the transaction was completed in 2023, and that same year witnessed the transfer of the property to the state.",,,,
39,4,4,The report states something. Make your report detailed. The report states the World Health Organization. The report states something. The report states the World Health Organization.,"The source material contains a declaration, and separately, it identifies the World Health Organization. For your report, you must elaborate on these details thoroughly.",,,,
40,8,22,The topic about Barack Obama is something. Ask a lawmaker about the topic of Barack Obama in Washington. Ask a lawmaker about the advice that Barack Obama gave on Washington. Ask a lawmaker about Barack Obama. Ask about Barack Obama.,"The subject of Barack Obama is evidently something worth discussing. In Washington, one can ask a lawmaker about that subject. One can also ask about the advice Obama gave on Washington, and one can ask about Obama as a person. The possibilities are multiple.",,,,
41,1,7,"Someone gave Washington a presentation. Give someone a presentation. A presentation was given to Washington, D.C. Someone gave Washington a presentation. Give a presentation about Washington, D.C. to Washington.","A presentation was delivered to Washington, D.C., by an unnamed individual, and the same individual also provided a presentation to someone else, with the further action of giving a presentation about Washington, D.C., to Washington itself.",,,,
42,16,17,The home was sold to New York in 2023. New York was sold in 2023. New York was sold to the home. New York was sold in 2023. New York sold the home in 2023.,"New York became the owner of the home when the transaction was completed in 2023, and that same year witnessed the transfer of the property to the state.",,,,
43,8,5,Shut down your service. Shut down Allo. A company shut down something. Google shut down something in a service. Shut down your service.,"Your service needs to be taken offline, and that includes Allo. The company made the call to discontinue a component of its service, specifically the one tied to Google. You are instructed to shut it down.",,,,
44,8,11,QVC is aggressive to an extent. QVC plans something for Black Friday aggressively. Tell QVC something about Black Friday. QVC's aggressive something. QVC plans something for Black Friday.,"QVC is quite aggressive, and its Black Friday plans are especially so; tell QVC what you think about Black Friday, because QVC has aggressive plans for that day.",,,,
45,4,21,Order two military helicopters for the UAE. Order two military helicopters. Order two military helicopters. The UAE ordered two military helicopters recently. The UAE ordered two military helicopters from an entity.,"A recent transaction has resulted in the acquisition of two military helicopters by the UAE, with the seller being an unspecified entity.",,,,
46,2,6,Was it a surprise to be given something? The assignment of the arts and culture position was a surprise to me. The assignment of the arts and culture position surprised me with something. The arts and culture position assignment surprised me. The arts and culture position assignment surprised me with an idea.,"That I was handed the arts and culture role came as a genuine shock. The notion that accompanied this appointment was equally unanticipated, leaving me momentarily at a loss for words.",,,,
47,2,21,Order two military helicopters for the UAE. Order two military helicopters. Order two military helicopters. The UAE ordered two military helicopters recently. The UAE ordered two military helicopters from an entity.,"A recent transaction has resulted in the acquisition of two military helicopters by the UAE, with the seller being an unspecified entity.",,,,
48,1,11,QVC is aggressive to an extent. QVC plans something for Black Friday aggressively. Tell QVC something about Black Friday. QVC's aggressive something. QVC plans something for Black Friday.,"QVC is quite aggressive, and its Black Friday plans are especially so; tell QVC what you think about Black Friday, because QVC has aggressive plans for that day.",,,,
49,2,9,A person missed something. You missed the ICYMI abbreviation's definition. Define ICYMI. Define the abbreviation ICYMI. Define the ICYMI abbreviation now.,The definition of the abbreviation ICYMI is something you have failed to grasp; a person has missed it.,,,,
50,16,0,IBM Corporation launched a server. IBM Corporation. The cluster topic is about IBM Corporation. IBM Corporation is related to something. IBM Corporation.,"The launch of a server was undertaken by IBM Corporation, and the topic at hand concerns this very corporation.",,,,
51,1,10,Tell the jury the acquittal. Tell the jury the acquittal. Tell the jury the acquittal. Tell the jury the acquittal of the widow about the nightclub. Tell the jury the acquittal of the widow about the Pulse nightclub.,"The jury must be told that the acquittal happened. It must be told about the widow and the nightclub, specifically the Pulse nightclub. This instruction is repeated, but the core message is the same: inform the jury of the acquittal.",,,,
52,1,20,Aylesbury's new deputy area commander is making himself approachable. Aylesbury's new deputy area commander made approachable. The deputy area commander made himself approachable. The new deputy area commander made himself approachable. The deputy area commander made himself approachable to one Aylesbury.,"Aylesbury has a new deputy area commander, and residents will find him an approachable figure, as he has made a point of being accessible to the public.",,,,
53,16,7,"Someone gave Washington a presentation. Give someone a presentation. A presentation was given to Washington, D.C. Someone gave Washington a presentation. Give a presentation about Washington, D.C. to Washington.","Someone performed the act of presenting to Washington, D.C. That person also performed a presentation for someone else. And that person gave a presentation whose topic was Washington, D.C., to Washington.",,,,
54,8,14,Someone holds WebMD Health Corp. for something. WebMD Health Corp. is important for something. WebMD Health Corp. was held in 2015. WebMD Health Corp. is important for something. WebMD Health Corp. is important for something.,"In 2015, WebMD Health Corp. was already considered important, for reasons that are multiple. Additionally, an unspecified person holds the company responsible for something. The company's importance continues to be recognized in several domains.",,,,
55,2,1,Make the report transparent. The organization earned something. Prasar Bharti earned something at some time. The organization earned something. Prasar Bharti earned only something.,"The report must be made transparent, and it was at some point that Prasar Bharti achieved an earning, though the organization's gain was limited to that alone.",,,,
56,4,14,Someone holds WebMD Health Corp. for something. WebMD Health Corp. is important for something. WebMD Health Corp. was held in 2015. WebMD Health Corp. is important for something. WebMD Health Corp. is important for something.,"In 2015, WebMD Health Corp. was already considered important, for reasons that are multiple. Additionally, an unspecified person holds the company responsible for something. The company's importance continues to be recognized in several domains.",,,,
57,4,13,Occasional diarrhea affects someone. Someone experiences Occasional Diarrhea as a condition. Occasional diarrhea is a condition. Tell the doctor about your occasional diarrhea condition to the specialist. Tell the specialist about your occasional diarrhea condition.,"A person may be affected by occasional diarrhea, which is a recognized condition, and in such cases, the appropriate course of action is to inform both the doctor and the specialist about this recurring issue.",,,,
58,1,13,Occasional diarrhea affects someone. Someone experiences Occasional Diarrhea as a condition. Occasional diarrhea is a condition. Tell the doctor about your occasional diarrhea condition to the specialist. Tell the specialist about your occasional diarrhea condition.,"A person may be affected by occasional diarrhea, which is a recognized condition, and in such cases, the appropriate course of action is to inform both the doctor and the specialist about this recurring issue.",,,,
59,8,18,A 2-to-2 ratio of something is defined as a concept. The concept of NASCAR is defined as something. The concept of NASCAR is defined as something at a time. Define a concept as something. The concept of NASCAR is defined as something.,"The definition of a 2-to-2 ratio is a concept. At a particular time, NASCAR is defined as a concept; moreover, NASCAR is defined as something. A separate definition states that a concept is something, and NASCAR is also something.",,,,
60,8,19,Jeff Deardorff has arrived at a location. Jeff Deardorff arrived at a location. Imagine a day arriving. Jeff Deardorff arrived at a location. Jeff Deardorff arrived at a location.,"There is a location where Jeff Deardorff arrived. His arrival happened on a day that one can picture. Jeff Deardorff got to that place, and the arrival is confirmed again.",,,,
61,1,17,The home was sold to New York in 2023. New York was sold in 2023. New York was sold to the home. New York was sold in 2023. New York sold the home in 2023.,"New York became the owner of the home when the transaction was completed in 2023, and that same year witnessed the transfer of the property to the state.",,,,
62,8,10,Tell the jury the acquittal. Tell the jury the acquittal. Tell the jury the acquittal. Tell the jury the acquittal of the widow about the nightclub. Tell the jury the acquittal of the widow about the Pulse nightclub.,"What needs to be communicated to the jury is the acquittal, and this involves the widow and the Pulse nightclub. The directive is clear: tell them, and tell them again.",,,,
63,1,19,Jeff Deardorff has arrived at a location. Jeff Deardorff arrived at a location. Imagine a day arriving. Jeff Deardorff arrived at a location. Jeff Deardorff arrived at a location.,"At some point, Jeff Deardorff showed up somewhere. His arrival happened on a particular day. Consider the circumstances of that day: Jeff Deardorff got to that place. He made it there.",,,,
64,16,27,Someone gave DERA funding to a company. Give DERA funding to help reauthorize the program at the U.S. Environmental Protection Agency. Someone gave DERA funding to a company. DERA funding was given to a company recently. Someone gave DERA funding to a company.,"Funding for the company was provided by DERA, and the same source should be used to support reauthorization of the U.S. Environmental Protection Agency program. A recent transfer of DERA funds went to that company, and the program's renewal would benefit from a similar allocation.",,,,
65,2,19,Jeff Deardorff has arrived at a location. Jeff Deardorff arrived at a location. Imagine a day arriving. Jeff Deardorff arrived at a location. Jeff Deardorff arrived at a location.,"A day is imagined in which Jeff Deardorff reaches a destination. That destination is a location, and his arrival is the key event. Jeff Deardorff's arrival occurred, and he was present at that spot.",,,,
66,8,9,A person missed something. You missed the ICYMI abbreviation's definition. Define ICYMI. Define the abbreviation ICYMI. Define the ICYMI abbreviation now.,The definition of the abbreviation ICYMI is something you have failed to grasp; a person has missed it.,,,,
67,2,5,Shut down your service. Shut down Allo. A company shut down something. Google shut down something in a service. Shut down your service.,"Your service needs to be taken offline, and that includes Allo. The company made the call to discontinue a component of its service, specifically the one tied to Google. You are instructed to shut it down.",,,,
68,1,18,A 2-to-2 ratio of something is defined as a concept. The concept of NASCAR is defined as something. The concept of NASCAR is defined as something at a time. Define a concept as something. The concept of NASCAR is defined as something.,"A concept is defined as a 2-to-2 ratio, and NASCAR is also defined as a concept, though this latter definition is said to apply at a specific time. Additionally, a concept is defined as something, and NASCAR is likewise defined as something.",,,,
69,16,25,Council Bluffs Marshalltown built a nine-run lead. Give the team a win against Council Bluffs. Give the team a win. A win was built against Council Bluffs. Council Bluffs is very great.,"The team's win against Council Bluffs came after building a nine-run advantage. Council Bluffs Marshalltown built that lead. Council Bluffs is very great, and the win was built.",,,,
70,1,14,Someone holds WebMD Health Corp. for something. WebMD Health Corp. is important for something. WebMD Health Corp. was held in 2015. WebMD Health Corp. is important for something. WebMD Health Corp. is important for something.,"There is someone who holds WebMD Health Corp. accountable for something. This company is significant in some way, and that significance was already established by 2015. Its importance is multifaceted, and it remains important for several reasons.",,,,
71,4,27,Someone gave DERA funding to a company. Give DERA funding to help reauthorize the program at the U.S. Environmental Protection Agency. Someone gave DERA funding to a company. DERA funding was given to a company recently. Someone gave DERA funding to a company.,"Funding for the company was provided by DERA, and the same source should be used to support reauthorization of the U.S. Environmental Protection Agency program. A recent transfer of DERA funds went to that company, and the program's renewal would benefit from a similar allocation.",,,,
72,1,24,Something defines Mario. Mario defined something. Mario defined something at a location. Something defines Mario. Mario defined something new.,"Mario was the one who defined something, and that something was defined by him at a particular place; additionally, the object of his definition was new.",,,,
73,16,18,A 2-to-2 ratio of something is defined as a concept. The concept of NASCAR is defined as something. The concept of NASCAR is defined as something at a time. Define a concept as something. The concept of NASCAR is defined as something.,"The definition of a 2-to-2 ratio is a concept. At a particular time, NASCAR is defined as a concept; moreover, NASCAR is defined as something. A separate definition states that a concept is something, and NASCAR is also something.",,,,
74,2,15,The conference held something. Show an attendee a session about SocialDevCamp Chicago at the conference. The conference held an event named SocialDevCamp Chicago. SocialDevCamp Chicago held an event in 2024. SocialDevCamp Chicago held an event in 2024.,"At the conference, there was a session for attendees on SocialDevCamp Chicago, and the conference also hosted an event called SocialDevCamp Chicago, which took place in 2024.",,,,
75,2,0,IBM Corporation launched a server. IBM Corporation. The cluster topic is about IBM Corporation. IBM Corporation is related to something. IBM Corporation.,"A server was launched by IBM Corporation, the company itself being the subject of this action.",,,,
76,4,5,Shut down your service. Shut down Allo. A company shut down something. Google shut down something in a service. Shut down your service.,"Your service needs to be taken offline, and that includes Allo. The company made the call to discontinue a component of its service, specifically the one tied to Google. You are instructed to shut it down.",,,,
77,1,9,A person missed something. You missed the ICYMI abbreviation's definition. Define ICYMI. Define the abbreviation ICYMI. Define the ICYMI abbreviation now.,The definition of the abbreviation ICYMI is something you have failed to grasp; a person has missed it.,,,,
78,16,14,Someone holds WebMD Health Corp. for something. WebMD Health Corp. is important for something. WebMD Health Corp. was held in 2015. WebMD Health Corp. is important for something. WebMD Health Corp. is important for something.,"In 2015, WebMD Health Corp. was already considered important, for reasons that are multiple. Additionally, an unspecified person holds the company responsible for something. The company's importance continues to be recognized in several domains.",,,,
79,2,20,Aylesbury's new deputy area commander is making himself approachable. Aylesbury's new deputy area commander made approachable. The deputy area commander made himself approachable. The new deputy area commander made himself approachable. The deputy area commander made himself approachable to one Aylesbury.,"Aylesbury has a new deputy area commander, and residents will find him an approachable figure, as he has made a point of being accessible to the public.",,,,
80,8,16,BlackRock Inc. operates globally. Define BlackRock Inc. as something. Define BlackRock Inc. BlackRock Inc. operates something. BlackRock Inc. is something about BlackRock Inc.,"As a global operator, BlackRock Inc. is defined by its asset management role. The company's worldwide reach is fundamental to its operations, and its essence lies in managing financial assets across markets.",,,,
81,2,26,The nice lots define something now. Define the topic of the nice lots to Builder. Builder defines the topic of the nice lots. Define the nice lots. Builder defines the nice lots.,"Something is now defined by the nice lots, and that something is their topic. Builder is tasked with defining that topic. Additionally, the nice lots themselves are to be defined, which Builder also handles.",,,,
82,2,13,Occasional diarrhea affects someone. Someone experiences Occasional Diarrhea as a condition. Occasional diarrhea is a condition. Tell the doctor about your occasional diarrhea condition to the specialist. Tell the specialist about your occasional diarrhea condition.,"A person may be affected by occasional diarrhea, which is a recognized condition, and in such cases, the appropriate course of action is to inform both the doctor and the specialist about this recurring issue.",,,,
83,16,19,Jeff Deardorff has arrived at a location. Jeff Deardorff arrived at a location. Imagine a day arriving. Jeff Deardorff arrived at a location. Jeff Deardorff arrived at a location.,"There is a location where Jeff Deardorff arrived. His arrival happened on a day that one can picture. Jeff Deardorff got to that place, and the arrival is confirmed again.",,,,
84,2,2,Marketers define something. Marketers define Apple. Marketers define the Apple brand as something. Define the Apple brand as a marketer. A marketer defines Apple as a brand.,"When it comes to defining a brand, marketers have a specific framework in mind. That framework, when applied to Apple, yields a particular definition. In other words, the Apple brand is defined by marketers according to their professional criteria.",,,,
85,16,3,Middletown Township Public Library appointed Kim Rinaldi as something. The library appointed Kim Rinaldi as a director. Appoint the library as the appointee of the appointment of Kim Rinaldi by the Township of Middletown. Appoint the library as the appointee of the appointment of Kim Rinaldi by the Township of Middletown. The library appointed Kim Rinaldi as something.,"Kim Rinaldi is now the director of Middletown Township Public Library. The appointment was made by the library, though the Township of Middletown is also involved in the appointment process. The library is the appointing body for this role.",,,,
86,1,8,Keep the conversation serious. New England is vast in extent. Something left New England to something. Something left New England. Something left New England to a location.,"A serious tone must be maintained throughout this discussion. The sheer size of New England is a key fact. From this region, something made its way to another place. Additionally, something else departed New England. Furthermore, a third entity left New England, heading toward some destination.",,,,
87,2,16,BlackRock Inc. operates globally. Define BlackRock Inc. as something. Define BlackRock Inc. BlackRock Inc. operates something. BlackRock Inc. is something about BlackRock Inc.,"As a global operator, BlackRock Inc. is defined by its asset management role. The company's worldwide reach is fundamental to its operations, and its essence lies in managing financial assets across markets.",,,,
88,16,16,BlackRock Inc. operates globally. Define BlackRock Inc. as something. Define BlackRock Inc. BlackRock Inc. operates something. BlackRock Inc. is something about BlackRock Inc.,"As a global operator, BlackRock Inc. is defined by its asset management role. The company's worldwide reach is fundamental to its operations, and its essence lies in managing financial assets across markets.",,,,
89,4,20,Aylesbury's new deputy area commander is making himself approachable. Aylesbury's new deputy area commander made approachable. The deputy area commander made himself approachable. The new deputy area commander made himself approachable. The deputy area commander made himself approachable to one Aylesbury.,"Aylesbury has a new deputy area commander, and residents will find him an approachable figure, as he has made a point of being accessible to the public.",,,,
90,8,15,The conference held something. Show an attendee a session about SocialDevCamp Chicago at the conference. The conference held an event named SocialDevCamp Chicago. SocialDevCamp Chicago held an event in 2024. SocialDevCamp Chicago held an event in 2024.,"At the conference, there was a session for attendees on SocialDevCamp Chicago, and the conference also hosted an event called SocialDevCamp Chicago, which took place in 2024.",,,,
91,4,17,The home was sold to New York in 2023. New York was sold in 2023. New York was sold to the home. New York was sold in 2023. New York sold the home in 2023.,"New York became the owner of the home when the transaction was completed in 2023, and that same year witnessed the transfer of the property to the state.",,,,
92,2,18,A 2-to-2 ratio of something is defined as a concept. The concept of NASCAR is defined as something. The concept of NASCAR is defined as something at a time. Define a concept as something. The concept of NASCAR is defined as something.,"The definition of a 2-to-2 ratio is a concept. At a particular time, NASCAR is defined as a concept; moreover, NASCAR is defined as something. A separate definition states that a concept is something, and NASCAR is also something.",,,,
93,16,12,Malala Yousafzai is brilliant in academics. Malala Yousafzai describes something. Brilliant Malala Yousafzai. Malala Yousafzai describes something in 2024. Someone describes Malala Yousafzai to a community.,"Malala Yousafzai's academic excellence is a fact, and her act of describing something took place in 2024. Simultaneously, a community hears a description of Malala from another person.",,,,
94,4,29,"Travis Scott hollered in a location. In 2018, Travis Scott hollered. Travis Scott hollered something. In 2018, Travis Scott hollered something. A person hollered something.","In 2018, someone named Travis Scott shouted out some words from a particular place.",,,,
95,16,13,Occasional diarrhea affects someone. Someone experiences Occasional Diarrhea as a condition. Occasional diarrhea is a condition. Tell the doctor about your occasional diarrhea condition to the specialist. Tell the specialist about your occasional diarrhea condition.,"A person may be affected by occasional diarrhea, which is a recognized condition, and in such cases, the appropriate course of action is to inform both the doctor and the specialist about this recurring issue.",,,,
96,16,10,Tell the jury the acquittal. Tell the jury the acquittal. Tell the jury the acquittal. Tell the jury the acquittal of the widow about the nightclub. Tell the jury the acquittal of the widow about the Pulse nightclub.,"Your task is to tell the jury about the acquittal. The acquittal is of the widow, and it's about the Pulse nightclub. Repeat this until they understand.",,,,
97,16,4,The report states something. Make your report detailed. The report states the World Health Organization. The report states something. The report states the World Health Organization.,"A detailed report is needed. The original report states something, and it also states the World Health Organization. Both of these must appear in your detailed version.",,,,
98,1,15,The conference held something. Show an attendee a session about SocialDevCamp Chicago at the conference. The conference held an event named SocialDevCamp Chicago. SocialDevCamp Chicago held an event in 2024. SocialDevCamp Chicago held an event in 2024.,"At the conference, there was a session for attendees on SocialDevCamp Chicago, and the conference also hosted an event called SocialDevCamp Chicago, which took place in 2024.",,,,
99,8,21,Order two military helicopters for the UAE. Order two military helicopters. Order two military helicopters. The UAE ordered two military helicopters recently. The UAE ordered two military helicopters from an entity.,"A recent transaction has resulted in the acquisition of two military helicopters by the UAE, with the seller being an unspecified entity.",,,,
100,8,8,Keep the conversation serious. New England is vast in extent. Something left New England to something. Something left New England. Something left New England to a location.,"A serious tone must be maintained throughout this discussion. The sheer size of New England is a key fact. From this region, something made its way to another place. Additionally, something else departed New England. Furthermore, a third entity left New England, heading toward some destination.",,,,
101,8,4,The report states something. Make your report detailed. The report states the World Health Organization. The report states something. The report states the World Health Organization.,"The source material contains a declaration, and separately, it identifies the World Health Organization. For your report, you must elaborate on these details thoroughly.",,,,
102,4,26,The nice lots define something now. Define the topic of the nice lots to Builder. Builder defines the topic of the nice lots. Define the nice lots. Builder defines the nice lots.,"Something is now defined by the nice lots, and that something is their topic. Builder is tasked with defining that topic. Additionally, the nice lots themselves are to be defined, which Builder also handles.",,,,
103,1,12,Malala Yousafzai is brilliant in academics. Malala Yousafzai describes something. Brilliant Malala Yousafzai. Malala Yousafzai describes something in 2024. Someone describes Malala Yousafzai to a community.,"In 2024, Malala Yousafzai, who is academically brilliant, provided a description of something; moreover, a community was the recipient of someone else's description of Malala.",,,,
104,4,19,Jeff Deardorff has arrived at a location. Jeff Deardorff arrived at a location. Imagine a day arriving. Jeff Deardorff arrived at a location. Jeff Deardorff arrived at a location.,"There is a location where Jeff Deardorff arrived. His arrival happened on a day that one can picture. Jeff Deardorff got to that place, and the arrival is confirmed again.",,,,
105,4,15,The conference held something. Show an attendee a session about SocialDevCamp Chicago at the conference. The conference held an event named SocialDevCamp Chicago. SocialDevCamp Chicago held an event in 2024. SocialDevCamp Chicago held an event in 2024.,"At the conference, there was a session for attendees on SocialDevCamp Chicago, and the conference also hosted an event called SocialDevCamp Chicago, which took place in 2024.",,,,
106,1,4,The report states something. Make your report detailed. The report states the World Health Organization. The report states something. The report states the World Health Organization.,"The report's content includes a statement, and it also mentions the World Health Organization; your task is to produce a detailed report that reflects this.",,,,
107,4,7,"Someone gave Washington a presentation. Give someone a presentation. A presentation was given to Washington, D.C. Someone gave Washington a presentation. Give a presentation about Washington, D.C. to Washington.","Someone performed the act of presenting to Washington, D.C. That person also performed a presentation for someone else. And that person gave a presentation whose topic was Washington, D.C., to Washington.",,,,
108,8,2,Marketers define something. Marketers define Apple. Marketers define the Apple brand as something. Define the Apple brand as a marketer. A marketer defines Apple as a brand.,"When it comes to defining a brand, marketers have a specific framework in mind. That framework, when applied to Apple, yields a particular definition. In other words, the Apple brand is defined by marketers according to their professional criteria.",,,,
109,4,6,Was it a surprise to be given something? The assignment of the arts and culture position was a surprise to me. The assignment of the arts and culture position surprised me with something. The arts and culture position assignment surprised me. The arts and culture position assignment surprised me with an idea.,"That I was handed the arts and culture role came as a genuine shock. The notion that accompanied this appointment was equally unanticipated, leaving me momentarily at a loss for words.",,,,
110,2,8,Keep the conversation serious. New England is vast in extent. Something left New England to something. Something left New England. Something left New England to a location.,"A serious tone must be maintained throughout this discussion. The sheer size of New England is a key fact. From this region, something made its way to another place. Additionally, something else departed New England. Furthermore, a third entity left New England, heading toward some destination.",,,,
111,16,20,Aylesbury's new deputy area commander is making himself approachable. Aylesbury's new deputy area commander made approachable. The deputy area commander made himself approachable. The new deputy area commander made himself approachable. The deputy area commander made himself approachable to one Aylesbury.,"Aylesbury has a new deputy area commander, and residents will find him an approachable figure, as he has made a point of being accessible to the public.",,,,
112,8,27,Someone gave DERA funding to a company. Give DERA funding to help reauthorize the program at the U.S. Environmental Protection Agency. Someone gave DERA funding to a company. DERA funding was given to a company recently. Someone gave DERA funding to a company.,"Funding for the company was provided by DERA, and the same source should be used to support reauthorization of the U.S. Environmental Protection Agency program. A recent transfer of DERA funds went to that company, and the program's renewal would benefit from a similar allocation.",,,,
113,16,11,QVC is aggressive to an extent. QVC plans something for Black Friday aggressively. Tell QVC something about Black Friday. QVC's aggressive something. QVC plans something for Black Friday.,"QVC is quite aggressive, and its Black Friday plans are especially so; tell QVC what you think about Black Friday, because QVC has aggressive plans for that day.",,,,
114,8,28,"Echo was released in 2008. Someone cast something in Echo. Cast a role in the horror movie. A role was cast in ""Echo"" (2008). Cast a role in the horror movie ""Echo"".","A horror movie titled ""Echo,"" which came out in 2008, had a role in it that someone filled.",,,,
115,8,12,Malala Yousafzai is brilliant in academics. Malala Yousafzai describes something. Brilliant Malala Yousafzai. Malala Yousafzai describes something in 2024. Someone describes Malala Yousafzai to a community.,"Malala Yousafzai's academic excellence is a fact, and her act of describing something took place in 2024. Simultaneously, a community hears a description of Malala from another person.",,,,
116,16,5,Shut down your service. Shut down Allo. A company shut down something. Google shut down something in a service. Shut down your service.,"Your service needs to be taken offline, and that includes Allo. The company made the call to discontinue a component of its service, specifically the one tied to Google. You are instructed to shut it down.",,,,
117,1,23,Asus's plan for the laptop's display drivers is something. Asus plans something at a location. Asus updates the laptop's display drivers at a location. Asus plans to update the display drivers. Asus's plan for the laptop's display drivers is something.,"At some location, Asus has a plan regarding the laptop's display drivers—it will update them there, and that plan is what the drivers' situation is about.",,,,
118,16,1,Make the report transparent. The organization earned something. Prasar Bharti earned something at some time. The organization earned something. Prasar Bharti earned only something.,"The report must be made transparent, and it was at some point that Prasar Bharti achieved an earning, though the organization's gain was limited to that alone.",,,,
119,1,3,Middletown Township Public Library appointed Kim Rinaldi as something. The library appointed Kim Rinaldi as a director. Appoint the library as the appointee of the appointment of Kim Rinaldi by the Township of Middletown. Appoint the library as the appointee of the appointment of Kim Rinaldi by the Township of Middletown. The library appointed Kim Rinaldi as something.,"Kim Rinaldi is now the director of Middletown Township Public Library. The appointment was made by the library, though the Township of Middletown is also involved in the appointment process. The library is the appointing body for this role.",,,,
120,16,28,"Echo was released in 2008. Someone cast something in Echo. Cast a role in the horror movie. A role was cast in ""Echo"" (2008). Cast a role in the horror movie ""Echo"".","A horror movie titled ""Echo,"" which came out in 2008, had a role in it that someone filled.",,,,
121,4,24,Something defines Mario. Mario defined something. Mario defined something at a location. Something defines Mario. Mario defined something new.,"Mario was the one who defined something, and that something was defined by him at a particular place; additionally, the object of his definition was new.",,,,
122,1,29,"Travis Scott hollered in a location. In 2018, Travis Scott hollered. Travis Scott hollered something. In 2018, Travis Scott hollered something. A person hollered something.","In 2018, someone named Travis Scott shouted out some words from a particular place.",,,,
123,1,0,IBM Corporation launched a server. IBM Corporation. The cluster topic is about IBM Corporation. IBM Corporation is related to something. IBM Corporation.,"A server was launched by IBM Corporation, the company itself being the subject of this action.",,,,
124,16,29,"Travis Scott hollered in a location. In 2018, Travis Scott hollered. Travis Scott hollered something. In 2018, Travis Scott hollered something. A person hollered something.","A holler was emitted by Travis Scott from a place in 2018, and in 2018 he additionally emitted a holler of something.",,,,
125,4,0,IBM Corporation launched a server. IBM Corporation. The cluster topic is about IBM Corporation. IBM Corporation is related to something. IBM Corporation.,"The launch of a server was undertaken by IBM Corporation, and the topic at hand concerns this very corporation.",,,,
126,2,22,The topic about Barack Obama is something. Ask a lawmaker about the topic of Barack Obama in Washington. Ask a lawmaker about the advice that Barack Obama gave on Washington. Ask a lawmaker about Barack Obama. Ask about Barack Obama.,"A lawmaker in Washington might be approached about the subject of Barack Obama. The questions could concern the advice that Obama offered, or they could concern the former president directly. Asking about Obama is always an option.",,,,
127,16,23,Asus's plan for the laptop's display drivers is something. Asus plans something at a location. Asus updates the laptop's display drivers at a location. Asus plans to update the display drivers. Asus's plan for the laptop's display drivers is something.,"At some location, Asus has a plan regarding the laptop's display drivers—it will update them there, and that plan is what the drivers' situation is about.",,,,
128,2,24,Something defines Mario. Mario defined something. Mario defined something at a location. Something defines Mario. Mario defined something new.,"Mario was the one who defined something, and that something was defined by him at a particular place; additionally, the object of his definition was new.",,,,
129,8,29,"Travis Scott hollered in a location. In 2018, Travis Scott hollered. Travis Scott hollered something. In 2018, Travis Scott hollered something. A person hollered something.","In 2018, someone named Travis Scott shouted out some words from a particular place.",,,,
130,2,23,Asus's plan for the laptop's display drivers is something. Asus plans something at a location. Asus updates the laptop's display drivers at a location. Asus plans to update the display drivers. Asus's plan for the laptop's display drivers is something.,"At some location, Asus has a plan regarding the laptop's display drivers—it will update them there, and that plan is what the drivers' situation is about.",,,,
131,8,20,Aylesbury's new deputy area commander is making himself approachable. Aylesbury's new deputy area commander made approachable. The deputy area commander made himself approachable. The new deputy area commander made himself approachable. The deputy area commander made himself approachable to one Aylesbury.,"Aylesbury has a new deputy area commander, and residents will find him an approachable figure, as he has made a point of being accessible to the public.",,,,
132,2,12,Malala Yousafzai is brilliant in academics. Malala Yousafzai describes something. Brilliant Malala Yousafzai. Malala Yousafzai describes something in 2024. Someone describes Malala Yousafzai to a community.,"In 2024, Malala Yousafzai, who is academically brilliant, provided a description of something; moreover, a community was the recipient of someone else's description of Malala.",,,,
133,1,25,Council Bluffs Marshalltown built a nine-run lead. Give the team a win against Council Bluffs. Give the team a win. A win was built against Council Bluffs. Council Bluffs is very great.,"A nine-run lead was built by Council Bluffs Marshalltown, and this resulted in a win for the team against Council Bluffs; the victory was achieved, and Council Bluffs is considered very great.",,,,
134,1,28,"Echo was released in 2008. Someone cast something in Echo. Cast a role in the horror movie. A role was cast in ""Echo"" (2008). Cast a role in the horror movie ""Echo"".","A horror movie titled ""Echo,"" which came out in 2008, had a role in it that someone filled.",,,,
135,8,23,Asus's plan for the laptop's display drivers is something. Asus plans something at a location. Asus updates the laptop's display drivers at a location. Asus plans to update the display drivers. Asus's plan for the laptop's display drivers is something.,"At some location, Asus has a plan regarding the laptop's display drivers—it will update them there, and that plan is what the drivers' situation is about.",,,,
136,4,8,Keep the conversation serious. New England is vast in extent. Something left New England to something. Something left New England. Something left New England to a location.,"A serious tone must be maintained throughout this discussion. The sheer size of New England is a key fact. From this region, something made its way to another place. Additionally, something else departed New England. Furthermore, a third entity left New England, heading toward some destination.",,,,
137,1,2,Marketers define something. Marketers define Apple. Marketers define the Apple brand as something. Define the Apple brand as a marketer. A marketer defines Apple as a brand.,"When it comes to defining a brand, marketers have a specific framework in mind. That framework, when applied to Apple, yields a particular definition. In other words, the Apple brand is defined by marketers according to their professional criteria.",,,,
138,1,26,The nice lots define something now. Define the topic of the nice lots to Builder. Builder defines the topic of the nice lots. Define the nice lots. Builder defines the nice lots.,"Something is now defined by the nice lots, and that something is their topic. Builder is tasked with defining that topic. Additionally, the nice lots themselves are to be defined, which Builder also handles.",,,,
139,4,3,Middletown Township Public Library appointed Kim Rinaldi as something. The library appointed Kim Rinaldi as a director. Appoint the library as the appointee of the appointment of Kim Rinaldi by the Township of Middletown. Appoint the library as the appointee of the appointment of Kim Rinaldi by the Township of Middletown. The library appointed Kim Rinaldi as something.,"Kim Rinaldi is now the director of Middletown Township Public Library. The appointment was made by the library, though the Township of Middletown is also involved in the appointment process. The library is the appointing body for this role.",,,,
140,4,10,Tell the jury the acquittal. Tell the jury the acquittal. Tell the jury the acquittal. Tell the jury the acquittal of the widow about the nightclub. Tell the jury the acquittal of the widow about the Pulse nightclub.,"What needs to be communicated to the jury is the acquittal, and this involves the widow and the Pulse nightclub. The directive is clear: tell them, and tell them again.",,,,
141,2,29,"Travis Scott hollered in a location. In 2018, Travis Scott hollered. Travis Scott hollered something. In 2018, Travis Scott hollered something. A person hollered something.","In 2018, someone named Travis Scott shouted out some words from a particular place.",,,,
142,4,28,"Echo was released in 2008. Someone cast something in Echo. Cast a role in the horror movie. A role was cast in ""Echo"" (2008). Cast a role in the horror movie ""Echo"".","A horror movie titled ""Echo,"" which came out in 2008, had a role in it that someone filled.",,,,
143,16,6,Was it a surprise to be given something? The assignment of the arts and culture position was a surprise to me. The assignment of the arts and culture position surprised me with something. The arts and culture position assignment surprised me. The arts and culture position assignment surprised me with an idea.,"That I was handed the arts and culture role came as a genuine shock. The notion that accompanied this appointment was equally unanticipated, leaving me momentarily at a loss for words.",,,,
144,4,18,A 2-to-2 ratio of something is defined as a concept. The concept of NASCAR is defined as something. The concept of NASCAR is defined as something at a time. Define a concept as something. The concept of NASCAR is defined as something.,"The definition of a 2-to-2 ratio is a concept. At a particular time, NASCAR is defined as a concept; moreover, NASCAR is defined as something. A separate definition states that a concept is something, and NASCAR is also something.",,,,
145,16,9,A person missed something. You missed the ICYMI abbreviation's definition. Define ICYMI. Define the abbreviation ICYMI. Define the ICYMI abbreviation now.,The definition of the abbreviation ICYMI is something you have failed to grasp; a person has missed it.,,,,
146,2,25,Council Bluffs Marshalltown built a nine-run lead. Give the team a win against Council Bluffs. Give the team a win. A win was built against Council Bluffs. Council Bluffs is very great.,"A nine-run lead was built by Council Bluffs Marshalltown, and this resulted in a win for the team against Council Bluffs; the victory was achieved, and Council Bluffs is considered very great.",,,,
147,2,28,"Echo was released in 2008. Someone cast something in Echo. Cast a role in the horror movie. A role was cast in ""Echo"" (2008). Cast a role in the horror movie ""Echo"".","A horror movie titled ""Echo,"" which came out in 2008, had a role in it that someone filled.",,,,
148,8,24,Something defines Mario. Mario defined something. Mario defined something at a location. Something defines Mario. Mario defined something new.,"Mario was the one who defined something, and that something was defined by him at a particular place; additionally, the object of his definition was new.",,,,
149,1,27,Someone gave DERA funding to a company. Give DERA funding to help reauthorize the program at the U.S. Environmental Protection Agency. Someone gave DERA funding to a company. DERA funding was given to a company recently. Someone gave DERA funding to a company.,"Funding for the company was provided by DERA, and the same source should be used to support reauthorization of the U.S. Environmental Protection Agency program. A recent transfer of DERA funds went to that company, and the program's renewal would benefit from a similar allocation.",,,,
150,4,25,Council Bluffs Marshalltown built a nine-run lead. Give the team a win against Council Bluffs. Give the team a win. A win was built against Council Bluffs. Council Bluffs is very great.,"The team's win against Council Bluffs came after building a nine-run advantage. Council Bluffs Marshalltown built that lead. Council Bluffs is very great, and the win was built.",,,,
