序号,原段落索引,类别,原文,攻击文本,z_score,初步事实,初步实体,初步关系,初步否定模态,初步可读性,我的初步结论,人工事实(0/1),人工实体(0/1),人工关系(0/1),人工否定模态(0/1),人工可读性(1-5),人工最终有效(0/1)
1,0,原始/质量感知成功,IBM Corporation launched a server. IBM Corporation. The cluster topic is about IBM Corporation. IBM Corporation is related to something. IBM Corporation.,"IBM Corporation's launch of a server has been carried out, and the cluster topic concerns this same entity, which is associated with an unspecified relation, as IBM Corporation itself remains the central subject.",-0.5773502691896258,False,True,False,True,False,"Attack adds 'has been carried out' (unwarranted perfect tense), replaces 'something' with 'unspecified relation' (vague substitution), and adds 'central subject' (addition). Text is awkward and no longer precise.",,,,,,
2,1,原始/质量感知成功,Make the report transparent. The organization earned something. Prasar Bharti earned something at some time. The organization earned something. Prasar Bharti earned only something.,"The report must be made transparent, with something having been earned by the organization, specifically by Prasar Bharti, at a certain time, and it is only that something which Prasar Bharti earned.",-0.5773502691896258,待复核,待复核,待复核,待复核,待复核,SSLError,,,,,,
3,2,原始/质量感知成功,Marketers define something. Marketers define Apple. Marketers define the Apple brand as something. Define the Apple brand as a marketer. A marketer defines Apple as a brand.,"The Apple brand is defined by marketers; the entity known as Apple is what marketers define, and that same brand is what a marketer defines Apple as.",-0.5773502691896258,False,True,False,True,False,ATTACK adds 'entity known as Apple' and 'same brand' which are not in SOURCE; introduces awkward redundancy and vague substitution for 'something'; fails to preserve precise relations and omissions.,,,,,,
4,3,原始/质量感知成功,Middletown Township Public Library appointed Kim Rinaldi as something. The library appointed Kim Rinaldi as a director. Appoint the library as the appointee of the appointment of Kim Rinaldi by the Township of Middletown. Appoint the library as the appointee of the appointment of Kim Rinaldi by the Township of Middletown. The library appointed Kim Rinaldi as something.,"The appointment of Kim Rinaldi to the position of director was made by the Middletown Township Public Library, which itself had been designated as the appointee for that same appointment by the Township of Middletown; this action resulted in Kim Rinaldi being named to a role by the library.",-0.5773502691896258,True,False,False,True,False,"Entity ambiguity: 'the library' is referred to as 'the appointee' in SOURCE, but ATTACK says 'the library...had been designated as the appointee for that same appointment' which introduces an unclear relation (the library is both appointer and appointee). Also, 'something' in SOURCE is replaced with 'director' in ATTACK, which is an addition not explicitly stated in SOURCE (SOURCE says 'as something' and 'as a director' but the repeated 'something' indicates uncertainty). Relation is distorted: SOURCE's awkward phrasing 'Appoint the library as the appointee of the appointment...' is not preserved as a clear relation; ATTACK reinterprets it as a prior designation, which is an addition. Readability is poor due to convoluted structure.",,,,,,
5,4,原始/质量感知成功,The report states something. Make your report detailed. The report states the World Health Organization. The report states something. The report states the World Health Organization.,"The requirement from the report is that it must be made detailed, and this same report states both ""something"" and ""the World Health Organization"" repeatedly, with its attributions including the World Health Organization as an entity in each instance.",-0.5773502691896258,False,False,False,False,False,ATTACK adds 'requirement from the report' and 'must be made detailed' which are not in SOURCE; omits the explicit repetition pattern of 'The report states something' and 'The report states the World Health Organization'; introduces vague attribution 'its attributions including' not present; changes polarity by asserting a requirement; text is awkward and no longer communicates the source precisely.,,,,,,
6,5,原始/质量感知成功,Shut down your service. Shut down Allo. A company shut down something. Google shut down something in a service. Shut down your service.,Per the audit requirements: shut down your service; shut down Allo. A company performed a shutdown of something. Google performed a shutdown of something within a service. Shut down your service.,2.3094010767585034,True,True,True,True,True,"All explicit facts, entities, relations, polarity, and modality are preserved. No additions, omissions, vague substitutions, or ambiguity.",,,,,,
7,6,原始/质量感知成功,Was it a surprise to be given something? The assignment of the arts and culture position was a surprise to me. The assignment of the arts and culture position surprised me with something. The arts and culture position assignment surprised me. The arts and culture position assignment surprised me with an idea.,"That I was given something came as a surprise. My being assigned the arts and culture position was something that surprised me. A surprise, in the form of something, was what the assignment of the arts and culture position gave me. The arts and culture position assignment caused my surprise. An idea was what the arts and culture position assignment surprised me with.",-1.2909944487358056,True,False,False,True,False,Entity ambiguity: 'something' replaces specific referents; relation altered: 'surprised me with something' vs 'surprised me with an idea' conflates distinct statements; awkward phrasing loses precision of source.,,,,,,
8,7,原始/质量感知成功,"Someone gave Washington a presentation. Give someone a presentation. A presentation was given to Washington, D.C. Someone gave Washington a presentation. Give a presentation about Washington, D.C. to Washington.","A presentation was delivered to Washington by an individual. An individual is to be the recipient of a presentation. A presentation was given to Washington, D.C. An individual delivered a presentation to Washington. A presentation concerning Washington, D.C. is to be given to Washington.",2.3094010767585034,False,True,False,True,False,"The ATTACK text introduces 'an individual' as a vague substitution for 'someone' and changes the modality of 'Give someone a presentation' and 'Give a presentation about Washington, D.C. to Washington' from imperative/active to passive or future tense ('is to be'), altering the original precise relations and modality. Additionally, 'delivered' is a synonym but the shift in structure and tense loses the exact phrasing and intent of the SOURCE.",,,,,,
9,9,原始/质量感知成功,A person missed something. You missed the ICYMI abbreviation's definition. Define ICYMI. Define the abbreviation ICYMI. Define the ICYMI abbreviation now.,"The definition of the abbreviation ICYMI was missed by you, as a person overlooked something; let the abbreviation ICYMI be defined at this moment.",-0.5773502691896258,True,True,False,True,False,"The ATTACK reorders and rephrases the source awkwardly, omitting the explicit repetition of 'Define ICYMI' and 'Define the abbreviation ICYMI' as separate commands, and introduces 'let the abbreviation ICYMI be defined at this moment' which is a vague substitution for the source's direct imperative 'Define the ICYMI abbreviation now.' The relation between the missed definition and the command to define is preserved but the text no longer communicates the source precisely.",,,,,,
10,10,原始/质量感知成功,Tell the jury the acquittal. Tell the jury the acquittal. Tell the jury the acquittal. Tell the jury the acquittal of the widow about the nightclub. Tell the jury the acquittal of the widow about the Pulse nightclub.,"The jury must be informed of the acquittal concerning the widow and the Pulse nightclub; repeatedly, the acquittal itself is what the jury needs to be told about the widow in relation to that nightclub.",-0.5773502691896258,True,True,False,True,False,"The ATTACK adds 'must be informed' and 'repeatedly' which are not in SOURCE; it also rephrases the relation awkwardly, losing the precise repetition and imperative 'Tell the jury' structure.",,,,,,
11,11,原始/质量感知成功,QVC is aggressive to an extent. QVC plans something for Black Friday aggressively. Tell QVC something about Black Friday. QVC's aggressive something. QVC plans something for Black Friday.,"QVC's aggressiveness is evident in its planning for Black Friday, and it is being told something about the event; the company's aggressive approach underlies its Black Friday plans.",-0.5773502691896258,False,True,False,True,True,ATTACK adds 'evident' and 'underlies' not in SOURCE; replaces 'something' with 'the event' and 'its planning' which are vague substitutions; omits 'to an extent' and 'Tell QVC something about Black Friday' imperative; introduces 'company' as ambiguous entity.,,,,,,
12,12,原始/质量感知成功,Malala Yousafzai is brilliant in academics. Malala Yousafzai describes something. Brilliant Malala Yousafzai. Malala Yousafzai describes something in 2024. Someone describes Malala Yousafzai to a community.,"It was in 2024 that Malala Yousafzai, an academic standout, provided a description of something, while also being the subject of a description given to a community by an unspecified individual; the brilliance of Malala Yousafzai is affirmed.",-0.5773502691896258,True,True,False,True,False,"The ATTACK adds 'an academic standout' (not in SOURCE), reorders and merges events into a single sentence with awkward structure, and introduces 'while also being the subject of a description' which is a vague substitution for the SOURCE's 'Someone describes Malala Yousafzai to a community'—the SOURCE does not specify that the description is simultaneous or that the 'someone' is 'unspecified individual' (though implied, the ATTACK's phrasing is an addition). The ATTACK also changes the modality of 'Brilliant Malala Yousafzai' from a standalone assertion to a passive affirmation, altering the original's precise structure.",,,,,,
13,13,原始/质量感知成功,Occasional diarrhea affects someone. Someone experiences Occasional Diarrhea as a condition. Occasional diarrhea is a condition. Tell the doctor about your occasional diarrhea condition to the specialist. Tell the specialist about your occasional diarrhea condition.,"The condition of occasional diarrhea is experienced by an individual, and this person is affected by it as a medical issue. It is necessary for that individual to inform a specialist, specifically the doctor, regarding the presence of this occasional diarrhea condition.",-0.8164965809277261,True,False,False,True,True,"Entity ambiguity: 'the doctor' and 'the specialist' are conflated into one entity, but SOURCE distinguishes them as separate recipients of information. Relation altered: ATTACK merges the two distinct instructions into one, losing the precise sequence and separate targets.",,,,,,
14,14,原始/质量感知成功,Someone holds WebMD Health Corp. for something. WebMD Health Corp. is important for something. WebMD Health Corp. was held in 2015. WebMD Health Corp. is important for something. WebMD Health Corp. is important for something.,"WebMD Health Corp.’s significance, tied to its being held in 2015, is asserted for unspecified reasons, and its importance is maintained for multiple distinct purposes.",-0.5773502691896258,False,True,False,True,False,ATTACK introduces 'significance' and 'multiple distinct purposes' not in SOURCE; omits 'someone holds' and 'something' specifics; vague substitutions and added interpretation.,,,,,,
15,15,原始/质量感知成功,The conference held something. Show an attendee a session about SocialDevCamp Chicago at the conference. The conference held an event named SocialDevCamp Chicago. SocialDevCamp Chicago held an event in 2024. SocialDevCamp Chicago held an event in 2024.,"At the conference, a session about SocialDevCamp Chicago was shown to an attendee; this conference hosted an event called SocialDevCamp Chicago, which itself took place in 2024—a year in which SocialDevCamp Chicago also held an event.",-0.5773502691896258,True,True,True,True,False,"The ATTACK text adds 'itself took place in 2024—a year in which SocialDevCamp Chicago also held an event,' which introduces an awkward, redundant, and imprecise restatement not present in the SOURCE. The SOURCE simply states 'SocialDevCamp Chicago held an event in 2024' twice; the ATTACK's phrasing implies a separate or additional event, creating ambiguity and violating the requirement to preserve exact meaning without addition or awkward substitution.",,,,,,
16,16,原始/质量感知成功,BlackRock Inc. operates globally. Define BlackRock Inc. as something. Define BlackRock Inc. BlackRock Inc. operates something. BlackRock Inc. is something about BlackRock Inc.,"BlackRock Inc. is defined as a globally operating entity, with its operations encompassing something, and the company itself being characterized by something about BlackRock Inc.",-0.5773502691896258,False,True,False,True,False,"ATTACK adds 'defined as a globally operating entity' and 'encompassing something' which are not in SOURCE; SOURCE has no such definition or characterization. Also, 'the company itself being characterized by something about BlackRock Inc.' is a vague substitution and awkward rephrasing that loses precision.",,,,,,
17,17,原始/质量感知成功,The home was sold to New York in 2023. New York was sold in 2023. New York was sold to the home. New York was sold in 2023. New York sold the home in 2023.,"New York acquired the home in 2023, and New York itself was sold during 2023, with the home also being the recipient of New York’s sale in 2023; furthermore, New York was sold in 2023, and it was New York that sold the home in 2023.",-0.5773502691896258,False,True,False,True,False,"The ATTACK introduces a contradictory and nonsensical relation: 'the home also being the recipient of New York’s sale' implies the home bought New York, which is not in SOURCE. SOURCE states 'New York was sold to the home' (home bought New York) and 'New York sold the home' (New York sold home), which are contradictory, but ATTACK adds an extra, unsupported relation. Also, 'New York acquired the home' is a vague substitution for 'sold to New York' (home sold to New York), altering the direction of the transaction. The text is awkward and no longer communicates the source precisely.",,,,,,
18,18,原始/质量感知成功,A 2-to-2 ratio of something is defined as a concept. The concept of NASCAR is defined as something. The concept of NASCAR is defined as something at a time. Define a concept as something. The concept of NASCAR is defined as something.,"A concept is established whereby a 2-to-2 ratio of something is defined; simultaneously, the notion of NASCAR is specified as something, with that same specification of NASCAR as something occurring at a particular time. A definition of a concept as something is provided, and the concept of NASCAR is further defined as something.",-0.8164965809277261,False,True,False,True,False,"The ATTACK adds 'simultaneously', 'with that same specification', 'occurring at a particular time', and 'further defined', which are not present in the SOURCE. It also reorders and rephrases the statements, introducing vague temporal and relational modifiers that alter the precise meaning and structure of the SOURCE.",,,,,,
19,19,原始/质量感知成功,Jeff Deardorff has arrived at a location. Jeff Deardorff arrived at a location. Imagine a day arriving. Jeff Deardorff arrived at a location. Jeff Deardorff arrived at a location.,"The arrival of Jeff Deardorff at a specific place has occurred; additionally, Jeff Deardorff reached that same location. One might conceive of a day's beginning. Furthermore, Jeff Deardorff completed his arrival at the location, and Jeff Deardorff also showed up at that place.",-1.0,True,True,False,True,False,"ATTACK adds 'specific place' and 'that same location' implying a particular location not in SOURCE; adds 'additionally', 'furthermore', 'also' introducing extra relations; 'completed his arrival' and 'showed up' are vague substitutions for 'arrived'; 'day's beginning' is a vague substitution for 'day arriving'; text is awkward and no longer communicates SOURCE precisely.",,,,,,
20,20,原始/质量感知成功,Aylesbury's new deputy area commander is making himself approachable. Aylesbury's new deputy area commander made approachable. The deputy area commander made himself approachable. The new deputy area commander made himself approachable. The deputy area commander made himself approachable to one Aylesbury.,Aylesbury’s new deputy area commander is ensuring approachability. Aylesbury’s new deputy area commander ensured approachability. The deputy area commander ensured his own approachability. The new deputy area commander ensured his own approachability. The deputy area commander ensured his own approachability to one Aylesbury.,-1.2909944487358056,False,True,False,True,True,"The ATTACK changes the verb from 'made himself approachable' to 'ensured approachability' / 'ensured his own approachability', which alters the explicit action and relation. 'Ensured' implies a different process than 'made', and the phrasing 'ensured his own approachability' is not a precise preservation of 'made himself approachable'. Additionally, the ATTACK omits the exact repetition of the SOURCE's phrasing pattern, introducing a vague substitution.",,,,,,
21,5,自适应补救成功,Shut down your service. Shut down Allo. A company shut down something. Google shut down something in a service. Shut down your service.,Per the audit requirements: shut down your service; shut down Allo. A company performed a shutdown of something. Google performed a shutdown of something within a service. Shut down your service.,2.3094010767585034,True,True,True,True,True,"All explicit facts, entities, relations, polarity, and modality are preserved. No additions, omissions, vague substitutions, or ambiguity.",,,,,,
22,7,自适应补救成功,"Someone gave Washington a presentation. Give someone a presentation. A presentation was given to Washington, D.C. Someone gave Washington a presentation. Give a presentation about Washington, D.C. to Washington.","A presentation was delivered to Washington by an individual. An individual is to be the recipient of a presentation. A presentation was given to Washington, D.C. An individual delivered a presentation to Washington. A presentation concerning Washington, D.C. is to be given to Washington.",2.3094010767585034,False,True,False,True,False,"The ATTACK text introduces 'an individual' as a vague substitution for 'someone' and changes the modality of 'Give someone a presentation' and 'Give a presentation about Washington, D.C. to Washington' from imperative/active to passive or future tense ('is to be'), altering the original precise relations and modality. Additionally, 'delivered' is a synonym but the shift in structure and tense loses the exact phrasing and intent of the SOURCE.",,,,,,
23,17,自适应补救成功,The home was sold to New York in 2023. New York was sold in 2023. New York was sold to the home. New York was sold in 2023. New York sold the home in 2023.,"New York acquired the home in 2023, and New York itself was sold during 2023, with the home also being the recipient of New York’s sale in 2023; furthermore, New York was sold in 2023, and it was New York that sold the home in 2023.",-0.5773502691896258,False,True,False,True,False,"The ATTACK introduces a contradictory and nonsensical relation: 'the home also being the recipient of New York’s sale' implies the home bought New York, which is not in SOURCE. SOURCE states 'New York was sold to the home' (home bought New York) and 'New York sold the home' (New York sold home), which are contradictory, but ATTACK adds an extra, unsupported relation. Also, 'New York acquired the home' is a vague substitution for 'sold to New York' (home sold to New York), altering the direction of the transaction. The text is awkward and no longer communicates the source precisely.",,,,,,
24,20,自适应补救成功,Aylesbury's new deputy area commander is making himself approachable. Aylesbury's new deputy area commander made approachable. The deputy area commander made himself approachable. The new deputy area commander made himself approachable. The deputy area commander made himself approachable to one Aylesbury.,Aylesbury’s new deputy area commander is ensuring approachability. Aylesbury’s new deputy area commander ensured approachability. The deputy area commander ensured his own approachability. The new deputy area commander ensured his own approachability. The deputy area commander ensured his own approachability to one Aylesbury.,-1.2909944487358056,False,True,False,True,True,"The ATTACK changes the verb from 'made himself approachable' to 'ensured approachability' / 'ensured his own approachability', which alters the explicit action and relation. 'Ensured' implies a different process than 'made', and the phrasing 'ensured his own approachability' is not a precise preservation of 'made himself approachable'. Additionally, the ATTACK omits the exact repetition of the SOURCE's phrasing pattern, introducing a vague substitution.",,,,,,
25,36,自适应补救成功,Lynn teaches two employees. Teach two employees. Lynn Blake did not teach two hospital employees. Lynn Blake taught two hospital employees CPR. Lynn Blake.,Lynn instructs two employees. Two employees are instructed. It is not the case that Lynn Blake instructed two hospital employees. Lynn Blake provided CPR instruction to two hospital employees. Lynn Blake.,0.7745966692414834,False,True,False,True,True,"The ATTACK changes 'teaches' to 'instructs' and 'taught' to 'provided CPR instruction to', which are not exact lexical matches and alter the precise wording of the source. The source explicitly states 'Lynn Blake taught two hospital employees CPR', while the ATTACK says 'Lynn Blake provided CPR instruction to two hospital employees', which is a vague substitution and changes the relation structure. Additionally, the source's 'Teach two employees' is omitted in the ATTACK.",,,,,,
26,54,自适应补救成功,Patty Jenkins revealed details about the sequel at an event. Patty Jenkins revealed details about something. Details about Patty Jenkins. Patty Jenkins revealed details about something. Patty Jenkins revealed details about something.,"At an event, details about the sequel were revealed by Patty Jenkins, who also disclosed information about an unspecified matter. Details concerning Patty Jenkins herself emerged, followed by further revelations from Jenkins about one topic and then another.",-0.8164965809277261,待复核,待复核,待复核,待复核,待复核,SSLError,,,,,,
27,60,自适应补救成功,The bill triggered protests against the Citizenship Amendment Bill in Assam. The bill sparked protests against the Citizenship Amendment Bill in Assam. The bill sparked protests against the Citizenship Amendment Bill in Assam. Tell the bill. The bill triggered protests.,"The bill triggered protests against the Citizenship Amendment Bill in Assam; it sparked protests against the same legislation in Assam, and again sparked protests against the Citizenship Amendment Bill in Assam. Direct the bill. The bill triggered protests.",1.6666666666666667,True,True,True,True,False,"The ATTACK text adds 'it sparked protests against the same legislation in Assam' which is a vague substitution ('same legislation' for 'Citizenship Amendment Bill'), and includes 'Direct the bill' which is awkward and does not precisely communicate the source's 'Tell the bill'.",,,,,,
28,64,自适应补救成功,A suspect shot a victim with a gun. A shooting of a victim with a gun occurred. A shooting of a teen victim with a weapon occurred. A shooting of a teen by a suspect with a weapon occurred recently. Shoot the victim.,"A suspect used a gun to shoot a victim. A gun-related shooting of a victim took place. A weapon was used in the shooting of a teen victim. Recently, a suspect used a weapon to shoot a teen. The victim must be shot.",-0.2581988897471611,True,False,True,False,True,"The ATTACK text changes the modality of the final sentence from imperative 'Shoot the victim' to deontic 'The victim must be shot', altering the original command's force and attribution. Additionally, the ATTACK introduces 'gun-related' which is a vague substitution not present in SOURCE, and the entity 'teen' is inconsistently applied across sentences without preserving the exact sequence of facts.",,,,,,
29,72,自适应补救成功,Find your music folder. Google Music found your music folder. Find two times two. Find your music. Something found Google Music something.,Google Music located your music folder. Locate the product of two times two. Find your music. An unspecified entity located Google Music something.,2.3094010767585034,False,False,False,True,False,"'ATTACK' changes 'Find your music folder' to 'Google Music located your music folder' (entity and fact mismatch: SOURCE says 'Google Music found your music folder' as a separate statement, not as the subject of the first command). 'Locate the product of two times two' is a vague substitution for 'Find two times two' (unnecessary rewording). 'An unspecified entity located Google Music something' introduces ambiguity and omits the original 'Something found' structure, failing to preserve entity identity and relation.",,,,,,
30,78,自适应补救成功,Show me a picture of New York City at Christmas. Show me a picture. Show me a picture. A picture about New York City. Show me a picture of New York City at Christmas.,"For a robustness audit: the request is for an image of New York City during Christmas, and that same request is repeated verbatim three additional times, followed by a request for an image about New York City, and then again for an image of New York City at Christmas.",-0.5773502691896258,False,False,False,False,False,ATTACK adds extraneous framing ('For a robustness audit: the request is for...') and meta-commentary not present in SOURCE; omits the exact repeated imperative 'Show me a picture' structure; introduces vague substitutions and changes the modality from direct commands to descriptive narration.,,,,,,
31,87,自适应补救成功,Kid the audience. Kid the audience with something about New York City. The New York City audience is being kidded. The topic is something about New York City. The New York City audience.,"The audience is being kidded with something about New York City. That something is the topic, and it is directed at the New York City audience. The New York City audience is the one being kidded.",1.6666666666666667,True,True,True,True,True,"All explicit facts, entities, relations, polarity, and modality are preserved. No additions, omissions, vague substitutions, or ambiguity. Text is clear and precise.",,,,,,
32,90,自适应补救成功,The Democratic Alliance was voted for at a time. The Democratic Alliance was voted for in 2023. The Democratic Alliance was voted for by someone in 2023. The Democratic Alliance was voted for in a location. The Democratic Alliance's topic is a vote.,"In 2023, a vote occurred for the Democratic Alliance, which was cast at a specific time, by an unspecified individual, and in a particular location, with the alliance's subject matter being that vote itself.",-0.5773502691896258,False,True,False,True,False,The ATTACK adds 'specific time' and 'particular location' which are vague substitutions for the SOURCE's 'at a time' and 'in a location'; it also adds 'cast' and 'subject matter being that vote itself' which are not in the SOURCE; the phrase 'unspecified individual' is a vague substitution for 'by someone'; the text is awkward and no longer communicates the SOURCE precisely.,,,,,,
33,92,自适应补救成功,Rahul Dravid read a book at the stadium. Rahul Dravid read a book at the stadium. Ask your friend about the topic of the book at Rahul Dravid. Ask your friend about the topic of the book. Rahul Dravid was read.,The act of Rahul Dravid reading a book at the stadium occurred. The act of Rahul Dravid reading a book at the stadium occurred. The topic of the book at Rahul Dravid is to be inquired of by your friend. The topic of the book is to be inquired of by your friend. Rahul Dravid was read.,1.8073922282301278,True,True,True,True,True,"All explicit facts, entities, relations, numbers, dates, polarity, modality, and attributions from SOURCE are preserved in ATTACK without addition, omission, vague substitution, ambiguity, or awkwardness.",,,,,,
34,96,自适应补救成功,A Taycheedah crash injured two men and one other entity. Tell the officer about the Taycheedah crash to the hospital. Tell the officer about the victim of the Taycheedah crash to the hospital. The crash injured something. The crash injured something to the hospital.,A two-man and one additional entity were injured in a Taycheedah crash. The officer must be informed about the Taycheedah crash in relation to the hospital. The officer must be informed about the victim of the Taycheedah crash in relation to the hospital. The crash did injure something. The crash did injure something in relation to the hospital.,-0.2581988897471611,False,True,False,True,False,"The ATTACK changes 'Tell the officer about the Taycheedah crash to the hospital' to 'The officer must be informed about the Taycheedah crash in relation to the hospital,' altering the original directive and relation. Also, 'injured something to the hospital' is replaced with 'injured something in relation to the hospital,' which is a vague substitution and changes the intended meaning. The original text is awkward but the ATTACK introduces further ambiguity and relational shifts.",,,,,,
35,105,自适应补救成功,Make the status active. The state panel heard testimony on missing Indigenous women. Make the status active. The status of missing Indigenous women is active for Helena. The panel heard something.,"The status must be set to active. Testimony regarding missing Indigenous women was received by the state panel. The status must be set to active. For Helena, the status of missing Indigenous women is active. Something was heard by the panel.",-0.2581988897471611,True,True,True,True,False,"The ATTACK changes 'Make the status active' to 'The status must be set to active', altering modality from imperative to deontic necessity. Also, 'heard testimony' becomes 'testimony... was received', changing the active/passive voice and slightly altering the relation. The final sentence 'Something was heard by the panel' is awkward and less precise than 'The panel heard something.'",,,,,,
36,120,自适应补救成功,Identify a neutrino event as identifiable. Identify a neutrino event as identifiable. A neutrino event is identifiable by something from a neutrino. Identify a neutrino event by something. The James Webb Space Telescope identified a neutrino event.,The requirement to identify a neutrino event is that it be identifiable. A neutrino event becomes identifiable through something originating from a neutrino. One identifies a neutrino event by means of something. The James Webb Space Telescope did identify a neutrino event.,1.1547005383792517,True,True,False,True,False,"The ATTACK text changes the original's imperative 'Identify' to a declarative 'The requirement...is that it be identifiable', altering the modality and relation. It also adds 'becomes' and 'originating from', which are not in the SOURCE, and the phrasing 'by means of something' is an awkward substitution that does not precisely preserve the original's structure or meaning.",,,,,,
37,129,自适应补救成功,Foxconn Technology is being discussed in talks at this time. Foxconn Technology is related to something. Foxconn Technology is located somewhere. Foxconn Technology is not discussed. Something is discussing Apple Inc. about something.,"Foxconn Technology is currently the subject of ongoing discussions, is associated with an unspecified entity, and is situated in an undisclosed location; however, Foxconn Technology is not itself being discussed. An unidentified party is, instead, in talks with Apple Inc. regarding a separate matter.",-0.8164965809277261,False,False,False,False,False,"Multiple violations: 'currently' added; 'something' replaced with 'unspecified entity' and 'undisclosed location' (vague substitutions); 'Something is discussing Apple Inc. about something' changed to 'An unidentified party is, instead, in talks with Apple Inc. regarding a separate matter' (adds 'instead', 'separate matter', changes participant and relation); polarity of 'Foxconn Technology is not discussed' preserved but context altered; entity ambiguity introduced; source's explicit vagueness ('something') replaced with different vagueness ('unspecified', 'undisclosed', 'unidentified').",,,,,,
38,137,自适应补救成功,Apply to Harvard. Apply to Harvard University in 2024. Apply to Harvard University. Apply to Harvard University. Apply to Harvard University.,"Apply to Harvard University in 2024, and apply to Harvard University, and apply to Harvard University, and apply to Harvard University, and apply to Harvard.",-0.5773502691896258,True,True,True,True,False,"ATTACK adds 'and' conjunctions and changes the final instance from 'Harvard University' to 'Harvard', introducing entity ambiguity and awkward text that does not precisely preserve the source.",,,,,,
39,146,自适应补救成功,Activist shareholders demand something new on Thursday. Activist shareholders demand alignment of Whitehaven Coal with the Paris agreement. Activist shareholders do not demand Whitehaven Coal. Demand alignment of the company strategy with the Paris agreement from Whitehaven Coal. Demand alignment of Whitehaven Coal with the Paris agreement.,"On Thursday, activist shareholders issue a novel demand: they require that Whitehaven Coal’s strategy be brought into alignment with the Paris Agreement. They do not, however, demand the company itself. What they demand is the alignment of Whitehaven Coal with the Paris Agreement, specifically the alignment of the company’s strategy with that accord.",0.3333333333333333,True,True,True,True,True,"All explicit facts, entities, relations, numbers, dates, polarity, and attributions from SOURCE are preserved in ATTACK without addition, omission, vague substitution, or ambiguity. The text is precise and communicates the source accurately.",,,,,,
40,147,自适应补救成功,The accident at SITIAWAN was attributed to something at the time. Tell the committee about the incident at SITIAWAN to the authorities. Sitiawan attributed the incident to something. Tell the committee about the incident. The Sitiawan incident.,"Regarding the SITIAWAN accident, a specific factor was cited as its cause at that time. The committee must be informed by the authorities about what occurred at SITIAWAN. For the incident itself, a cause was assigned by Sitiawan. The committee should receive a briefing on this occurrence. Reference is made to the Sitiawan incident.",1.8073922282301278,False,True,False,True,False,"ATTACK replaces 'something' with 'a specific factor' and 'a cause', adding specificity not in SOURCE; omits 'to the authorities' in second sentence; changes 'Tell the committee about the incident' to 'The committee must be informed by the authorities about what occurred' altering modality and participant relation; 'assigned by Sitiawan' is a vague substitution for 'attributed to something'; 'Reference is made to' is an awkward addition not in SOURCE.",,,,,,
41,8,检测未逃逸,Keep the conversation serious. New England is vast in extent. Something left New England to something. Something left New England. Something left New England to a location.,The maintenance of a serious tone in the conversation is required. The extent of New England is vast. An entity departed from New England toward another entity. An entity exited New England. An entity moved from New England to a specific location.,2.840187787218772,False,False,False,True,False,"ATTACK replaces 'Something' with 'An entity' and 'a location' with 'a specific location', introducing vague substitutions and entity ambiguity not present in SOURCE; also adds 'toward another entity' which is an addition not in SOURCE.",,,,,,
42,24,检测未逃逸,Something defines Mario. Mario defined something. Mario defined something at a location. Something defines Mario. Mario defined something new.,"Mario is defined by something. Something was defined by Mario. At a location, Mario defined something. Mario is defined by something. A new something was defined by Mario.",3.8729833462074166,True,True,True,True,True,"All explicit facts, entities, relations, polarity, and modality are preserved. The attack uses passive voice and reordering but communicates the same precise information without addition, omission, ambiguity, or awkwardness.",,,,,,
43,32,检测未逃逸,Robert E. Gates. Flip passed away. A person passed away something. Flip passed away leaving Cindy Thompson. Cindy Thompson passed away something.,"Robert E. Gates. Flip died. An individual died something. Flip died, thereby leaving Cindy Thompson. Cindy Thompson died something.",3.8729833462074166,False,True,False,True,False,"'Passed away' replaced with 'died' changes modality (euphemistic vs. direct); 'thereby leaving' adds a causal relation not present in source; 'A person' changed to 'An individual' is a vague substitution; 'Cindy Thompson died something' incorrectly attributes death to Cindy Thompson, whereas source states she was left by Flip, not that she died.",,,,,,
44,40,检测未逃逸,Virtuoso Luxe Report surveyed something. Survey your advisor about the Virtuoso Luxe Report for Virtuoso. The Virtuoso Luxe Report was surveyed. Virtuoso Luxe Report. An advisor surveyed Virtuoso Luxe Report about a topic.,"The Virtuoso Luxe Report was the subject of a survey. For Virtuoso, consult your advisor regarding the Virtuoso Luxe Report. A survey of the Virtuoso Luxe Report was conducted. Virtuoso Luxe Report. An advisor conducted a survey of the Virtuoso Luxe Report on a specific topic.",3.8729833462074166,False,True,False,True,False,"The ATTACK text changes the agent and relation: SOURCE says 'Virtuoso Luxe Report surveyed something' (the Report is the surveyor), but ATTACK says 'the Virtuoso Luxe Report was the subject of a survey' (the Report is the subject). Also, 'survey your advisor' becomes 'consult your advisor', and 'surveyed Virtuoso Luxe Report about a topic' becomes 'conducted a survey of the Virtuoso Luxe Report on a specific topic', altering the original ambiguous but precise agent-action-object relations. The text is also awkward and loses the original's exact phrasing and modality.",,,,,,
45,55,检测未逃逸,The data layer shows Maharashtra. Something defines Maharashtra as a state. Maharashtra defines a state. Maharashtra was defined as a state in 2009. Define the state as something.,The data layer indicates Maharashtra. Maharashtra is identified as a state by a certain definition. The state is defined by Maharashtra. The definition of Maharashtra as a state occurred in 2009. The state is to be defined as something.,3.8729833462074166,True,True,False,True,False,"The relation 'Maharashtra defines a state' is replaced with 'The state is defined by Maharashtra', reversing the subject-object relationship; also 'Something defines Maharashtra as a state' is omitted, and 'The data layer shows' is changed to 'indicates', which is a vague substitution.",,,,,,
46,57,检测未逃逸,A character explores a concept. Harry Connolly is interested in a concept. Explore a concept. Harry Connolly explores a concept. Explore the concept of Harry Connolly with a named entity.,"A concept is explored by a character. Interest in a concept is held by Harry Connolly. A concept is explored. A concept is explored by Harry Connolly. With a named entity, the concept of Harry Connolly is explored.",3.8729833462074166,True,False,False,True,False,"Entity ambiguity: 'a character' vs 'Harry Connolly' not preserved; 'Interest in a concept is held by Harry Connolly' changes active verb 'interested' to passive nominalization; 'With a named entity' is vague substitution for 'Explore the concept of Harry Connolly with a named entity' from source, losing precise meaning.",,,,,,
47,63,检测未逃逸,Golden State Warriors. The Golden State Warriors will be made do with. Show the Warriors the team's topic about Golden State. The Golden State Warriors will make do. Golden State Warriors.,Golden State Warriors. The Golden State Warriors will be made do with. The Warriors are to be shown the team's topic about Golden State. The Golden State Warriors will make do. Golden State Warriors.,3.8729833462074166,True,True,True,True,True,"The ATTACK text preserves all explicit facts, entities, relations, polarity, and modality from the SOURCE without additions, omissions, or ambiguity. The minor rephrasing ('The Warriors are to be shown' vs 'Show the Warriors') does not alter meaning or precision.",,,,,,
48,68,检测未逃逸,Drew Griffin made an attempt at something. Drew Griffin made an attempt at something. Drew Griffin attempted something. Make an attempt. Drew Griffin made an attempt.,An attempt was made by Drew Griffin. An attempt was made by Drew Griffin. Something was attempted by Drew Griffin. Let an attempt be made. An attempt was made by Drew Griffin.,3.8729833462074166,True,True,False,True,False,"The ATTACK replaces 'Drew Griffin made an attempt at something' with passive constructions and 'Something was attempted by Drew Griffin,' which omits the explicit 'at something' relation present in SOURCE. The phrase 'Let an attempt be made' is an addition not in SOURCE, and the repeated passive voice does not preserve the precise active structure and relational detail of the original.",,,,,,
49,88,检测未逃逸,Alexander the Great was not a pioneer. Alexander the Great idea. Alexander the Great had an idea. Tell Alexander the Great an idea about Alexander the Great. Alexander the Great had an idea.,A pioneer was not what Alexander the Great was. An idea was possessed by Alexander the Great. The idea that belonged to Alexander the Great had been conceived by him. An idea concerning Alexander the Great was communicated to Alexander the Great. One idea was held by Alexander the Great.,2.840187787218772,True,True,False,True,False,"The ATTACK text awkwardly rephrases the source, introducing vague substitutions ('One idea' for 'an idea'), unnecessary passive constructions, and a temporal shift ('had been conceived') not present in the source, failing to preserve precise relations and readability.",,,,,,
50,102,检测未逃逸,Defend the Constitution. Someone defended the Constitution against something. The president defended the Constitution. Defend the Constitution against something. Defend the Constitution against a threat.,Defend the Constitution. An individual defended the Constitution against an unspecified entity. The president defended the Constitution. Defend the Constitution against an unspecified entity. Defend the Constitution against a threat.,3.8729833462074166,True,False,True,True,True,"ATTACK replaces 'someone' and 'something' with 'an individual' and 'an unspecified entity', introducing vague substitutions not present in SOURCE, which uses specific but generic terms.",,,,,,
51,69,无合格候选,J. is something. J. J. feels something in a location. J. J. feels something. J. J. feels something. Feel something.,,,待复核,待复核,待复核,待复核,待复核,no quality-passing candidate,,,,,,
52,82,无合格候选,The trial of Jason Rezaian began with something. The trial of Jason Rezaian began with something. The trial of Jason Rezaian began with something. The trial of Jason Rezaian began with the prosecution accusing the Washington Post of espionage. Begin the trial with the prosecution accusing the Washington Post of espionage.,,,待复核,待复核,待复核,待复核,待复核,no quality-passing candidate,,,,,,
53,124,无合格候选,Someone put the Boots Advent Calendar on a waiting list. Someone put the Boots Advent Calendar on a list. Boots is popular with a waiting list. The topic is the Boots Advent Calendar. The Boots Advent Calendar was not put on a list.,,,待复核,待复核,待复核,待复核,待复核,no quality-passing candidate,,,,,,
54,159,无合格候选,Saving two parts of food waste reduces costs. The best way to save money on food is to not throw it away. A person reduces waste. Reduce the waste of leftover food from a local restaurant to a supermarket. Tesco reduces something.,,,待复核,待复核,待复核,待复核,待复核,no quality-passing candidate,,,,,,
55,229,无合格候选,Wollemi is something. Define Wollemi. Define Wollemi as something about Wollemi to Wollemi. Define Wollemi as something about Wollemi to Wollemi. Wollemi defined something.,,,待复核,待复核,待复核,待复核,待复核,no quality-passing candidate,,,,,,
56,21,补充抽样,Order two military helicopters for the UAE. Order two military helicopters. Order two military helicopters. The UAE ordered two military helicopters recently. The UAE ordered two military helicopters from an entity.,"A recent acquisition involves the UAE's procurement of two military helicopters from a specific entity, with that same transaction—ordering two military helicopters—being reiterated across multiple statements.",-0.5773502691896258,True,False,False,True,False,"ATTACK adds 'specific entity' (source says 'an entity'), introduces 'acquisition' and 'procurement' not in source, and adds interpretive framing ('reiterated across multiple statements') not present in source.",,,,,,
57,22,补充抽样,The topic about Barack Obama is something. Ask a lawmaker about the topic of Barack Obama in Washington. Ask a lawmaker about the advice that Barack Obama gave on Washington. Ask a lawmaker about Barack Obama. Ask about Barack Obama.,Asking a lawmaker in Washington about Barack Obama yields something; the topic itself is something. Inquiring of a lawmaker there about the advice that Obama offered produces a response. A lawmaker can be questioned regarding Obama. The query is about Obama.,0.0,False,True,False,True,False,"ATTACK replaces 'the topic about Barack Obama is something' with 'the topic itself is something', omitting the explicit relation that the topic is about Obama. It also changes 'Ask a lawmaker about the advice that Barack Obama gave on Washington' to 'Inquiring of a lawmaker there about the advice that Obama offered', omitting 'on Washington' and substituting 'there' for 'in Washington', causing entity ambiguity. The final sentence 'The query is about Obama' is a vague substitution for 'Ask about Barack Obama', losing the imperative structure and precise meaning. Multiple omissions and substitutions fail to preserve every explicit fact and relation.",,,,,,
58,23,补充抽样,Asus's plan for the laptop's display drivers is something. Asus plans something at a location. Asus updates the laptop's display drivers at a location. Asus plans to update the display drivers. Asus's plan for the laptop's display drivers is something.,"The existence of a plan by Asus for updating the laptop’s display drivers—which involves a specific location where this update is to occur—constitutes something; furthermore, this planned action is characterized as Asus updating those drivers at that location, and the nature of that plan itself is defined as something.",-0.5773502691896258,False,False,False,False,False,ATTACK adds 'specific location' and 'characterized as' which are not in SOURCE; SOURCE uses vague 'something' and 'at a location' without specificity; ATTACK introduces interpretive phrasing and awkward structure that does not preserve source precision.,,,,,,
59,25,补充抽样,Council Bluffs Marshalltown built a nine-run lead. Give the team a win against Council Bluffs. Give the team a win. A win was built against Council Bluffs. Council Bluffs is very great.,"Council Bluffs Marshalltown constructed a nine-run advantage, which secured a victory for the team versus Council Bluffs; another win was thereby achieved for the squad. This triumph was assembled in opposition to Council Bluffs, and Council Bluffs is considered extremely excellent.",-0.8164965809277261,True,True,False,True,False,The ATTACK adds 'which secured a victory' and 'another win was thereby achieved' as new causal relations and events not present in SOURCE; also 'assembled' is an awkward substitution for 'built' that changes the original phrasing precision.,,,,,,
60,26,补充抽样,The nice lots define something now. Define the topic of the nice lots to Builder. Builder defines the topic of the nice lots. Define the nice lots. Builder defines the nice lots.,"The topic of the nice lots is currently being defined by them, and it must be defined for Builder, who also defines that same topic, while the nice lots themselves are defined, and Builder additionally defines these nice lots.",-0.5773502691896258,False,False,False,True,False,ATTACK introduces 'them' as vague agent not in SOURCE; adds 'currently' and 'must be' (modality change); omits 'now' and 'something'; changes 'Define the topic of the nice lots to Builder' to 'defined for Builder' altering relation; 'who also defines that same topic' adds attribution not present; 'additionally' is an addition; text is awkward and imprecise.,,,,,,
